filename;size;dominating_set;runtime;mipgap;optimal
c.txt;3;[0, 1, 3];0.00033211708068847656;0.0;True
d.txt;4;[0, 1, 2, 3];0.00010085105895996094;0.0;True
b.txt;2;[0, 3];9.703636169433594e-05;0.0;True
a.txt;1;[0];9.393692016601562e-05;0.0;True
